AU07_08.jpg,AU07_08.jpg
AU07_08.jpg,AU03_01.jpg
AU07_08.jpg,AU28_19.jpg
AU07_08.jpg,AU18_06.jpg
AU07_08.jpg,AU05_09.jpg
AU07_08.jpg,AU35_07.jpg
AU07_08.jpg,AU06_02.jpg
AU07_08.jpg,AU10_24.jpg
AU07_08.jpg,AU35_12.jpg
AU07_08.jpg,AU29_26.jpg
AU07_08.jpg,AU13_01.jpg
AU07_08.jpg,AU37_01.jpg
AU07_08.jpg,AU15_23.jpg
AU07_08.jpg,AU15_01.jpg
AU07_08.jpg,AU22_18.jpg
AU03_01.jpg,AU03_01.jpg
AU03_01.jpg,AU28_19.jpg
AU03_01.jpg,AU18_06.jpg
AU03_01.jpg,AU05_09.jpg
AU03_01.jpg,AU35_07.jpg
AU03_01.jpg,AU06_02.jpg
AU03_01.jpg,AU10_24.jpg
AU03_01.jpg,AU35_12.jpg
AU03_01.jpg,AU29_26.jpg
AU03_01.jpg,AU13_01.jpg
AU03_01.jpg,AU37_01.jpg
AU03_01.jpg,AU15_23.jpg
AU03_01.jpg,AU15_01.jpg
AU03_01.jpg,AU22_18.jpg
AU28_19.jpg,AU28_19.jpg
AU28_19.jpg,AU18_06.jpg
AU28_19.jpg,AU05_09.jpg
AU28_19.jpg,AU35_07.jpg
AU28_19.jpg,AU06_02.jpg
AU28_19.jpg,AU10_24.jpg
AU28_19.jpg,AU35_12.jpg
AU28_19.jpg,AU29_26.jpg
AU28_19.jpg,AU13_01.jpg
AU28_19.jpg,AU37_01.jpg
AU28_19.jpg,AU15_23.jpg
AU28_19.jpg,AU15_01.jpg
AU28_19.jpg,AU22_18.jpg
AU18_06.jpg,AU18_06.jpg
AU18_06.jpg,AU05_09.jpg
AU18_06.jpg,AU35_07.jpg
AU18_06.jpg,AU06_02.jpg
AU18_06.jpg,AU10_24.jpg
AU18_06.jpg,AU35_12.jpg
AU18_06.jpg,AU29_26.jpg
AU18_06.jpg,AU13_01.jpg
AU18_06.jpg,AU37_01.jpg
AU18_06.jpg,AU15_23.jpg
AU18_06.jpg,AU15_01.jpg
AU18_06.jpg,AU22_18.jpg
AU05_09.jpg,AU05_09.jpg
AU05_09.jpg,AU35_07.jpg
AU05_09.jpg,AU06_02.jpg
AU05_09.jpg,AU10_24.jpg
AU05_09.jpg,AU35_12.jpg
AU05_09.jpg,AU29_26.jpg
AU05_09.jpg,AU13_01.jpg
AU05_09.jpg,AU37_01.jpg
AU05_09.jpg,AU15_23.jpg
AU05_09.jpg,AU15_01.jpg
AU05_09.jpg,AU22_18.jpg
AU35_07.jpg,AU35_07.jpg
AU35_07.jpg,AU06_02.jpg
AU35_07.jpg,AU10_24.jpg
AU35_07.jpg,AU35_12.jpg
AU35_07.jpg,AU29_26.jpg
AU35_07.jpg,AU13_01.jpg
AU35_07.jpg,AU37_01.jpg
AU35_07.jpg,AU15_23.jpg
AU35_07.jpg,AU15_01.jpg
AU35_07.jpg,AU22_18.jpg
AU06_02.jpg,AU06_02.jpg
AU06_02.jpg,AU10_24.jpg
AU06_02.jpg,AU35_12.jpg
AU06_02.jpg,AU29_26.jpg
AU06_02.jpg,AU13_01.jpg
AU06_02.jpg,AU37_01.jpg
AU06_02.jpg,AU15_23.jpg
AU06_02.jpg,AU15_01.jpg
AU06_02.jpg,AU22_18.jpg
AU10_24.jpg,AU10_24.jpg
AU10_24.jpg,AU35_12.jpg
AU10_24.jpg,AU29_26.jpg
AU10_24.jpg,AU13_01.jpg
AU10_24.jpg,AU37_01.jpg
AU10_24.jpg,AU15_23.jpg
AU10_24.jpg,AU15_01.jpg
AU10_24.jpg,AU22_18.jpg
AU35_12.jpg,AU35_12.jpg
AU35_12.jpg,AU29_26.jpg
AU35_12.jpg,AU13_01.jpg
AU35_12.jpg,AU37_01.jpg
AU35_12.jpg,AU15_23.jpg
AU35_12.jpg,AU15_01.jpg
AU35_12.jpg,AU22_18.jpg
AU29_26.jpg,AU29_26.jpg
AU29_26.jpg,AU13_01.jpg
AU29_26.jpg,AU37_01.jpg
AU29_26.jpg,AU15_23.jpg
AU29_26.jpg,AU15_01.jpg
AU29_26.jpg,AU22_18.jpg
AU13_01.jpg,AU13_01.jpg
AU13_01.jpg,AU37_01.jpg
AU13_01.jpg,AU15_23.jpg
AU13_01.jpg,AU15_01.jpg
AU13_01.jpg,AU22_18.jpg
AU37_01.jpg,AU37_01.jpg
AU37_01.jpg,AU15_23.jpg
AU37_01.jpg,AU15_01.jpg
AU37_01.jpg,AU22_18.jpg
AU15_23.jpg,AU15_23.jpg
AU15_23.jpg,AU15_01.jpg
AU15_23.jpg,AU22_18.jpg
AU15_01.jpg,AU15_01.jpg
AU15_01.jpg,AU22_18.jpg
AU22_18.jpg,AU22_18.jpg
