model_type,train_type,epoch,hab_im,test_im,identity,hab_trials,hab_start,hab_end,test_loss
classify,mixed_imagenet_vggface,10,/home/vayzenbe/GitHub_Repos/GiNN/Stim//facegen_front/h30_11.jpg,/home/vayzenbe/GitHub_Repos/GiNN/Stim//facegen_front/h30_11.jpg,same,3,2.282056152820587,0.26438309252262115,0.11023584753274918
classify,mixed_imagenet_vggface,10,/home/vayzenbe/GitHub_Repos/GiNN/Stim//facegen_front/h30_11.jpg,/home/vayzenbe/GitHub_Repos/GiNN/Stim//facegen_front/h12_20.jpg,diff,3,2.282056152820587,0.26438309252262115,0.5709871053695679
classify,mixed_imagenet_vggface,10,/home/vayzenbe/GitHub_Repos/GiNN/Stim//facegen_front/h30_11.jpg,/home/vayzenbe/GitHub_Repos/GiNN/Stim//facegen_front/h03_01.jpg,diff,3,2.282056152820587,0.26438309252262115,0.6210933327674866
classify,mixed_imagenet_vggface,10,/home/vayzenbe/GitHub_Repos/GiNN/Stim//facegen_front/h30_11.jpg,/home/vayzenbe/GitHub_Repos/GiNN/Stim//facegen_front/h21_02.jpg,diff,3,2.282056152820587,0.26438309252262115,0.3870924115180969
classify,mixed_imagenet_vggface,10,/home/vayzenbe/GitHub_Repos/GiNN/Stim//facegen_front/h30_11.jpg,/home/vayzenbe/GitHub_Repos/GiNN/Stim//facegen_front/h15_01.jpg,diff,3,2.282056152820587,0.26438309252262115,0.38398757576942444
classify,mixed_imagenet_vggface,10,/home/vayzenbe/GitHub_Repos/GiNN/Stim//facegen_front/h30_11.jpg,/home/vayzenbe/GitHub_Repos/GiNN/Stim//facegen_front/h04_28.jpg,diff,3,2.282056152820587,0.26438309252262115,0.603059709072113
classify,mixed_imagenet_vggface,10,/home/vayzenbe/GitHub_Repos/GiNN/Stim//facegen_front/h30_11.jpg,/home/vayzenbe/GitHub_Repos/GiNN/Stim//facegen_front/h07_01.jpg,diff,3,2.282056152820587,0.26438309252262115,0.7567641735076904
classify,mixed_imagenet_vggface,10,/home/vayzenbe/GitHub_Repos/GiNN/Stim//facegen_front/h30_11.jpg,/home/vayzenbe/GitHub_Repos/GiNN/Stim//facegen_front/h01_15.jpg,diff,3,2.282056152820587,0.26438309252262115,0.5982872247695923
classify,mixed_imagenet_vggface,10,/home/vayzenbe/GitHub_Repos/GiNN/Stim//facegen_front/h30_11.jpg,/home/vayzenbe/GitHub_Repos/GiNN/Stim//facegen_front/h33_17.jpg,diff,3,2.282056152820587,0.26438309252262115,0.7493281364440918
classify,mixed_imagenet_vggface,10,/home/vayzenbe/GitHub_Repos/GiNN/Stim//facegen_front/h30_11.jpg,/home/vayzenbe/GitHub_Repos/GiNN/Stim//facegen_front/h10_01.jpg,diff,3,2.282056152820587,0.26438309252262115,0.6387255787849426
classify,mixed_imagenet_vggface,10,/home/vayzenbe/GitHub_Repos/GiNN/Stim//facegen_front/h30_11.jpg,/home/vayzenbe/GitHub_Repos/GiNN/Stim//facegen_front/h31_01.jpg,diff,3,2.282056152820587,0.26438309252262115,0.4517923891544342
classify,mixed_imagenet_vggface,10,/home/vayzenbe/GitHub_Repos/GiNN/Stim//facegen_front/h30_11.jpg,/home/vayzenbe/GitHub_Repos/GiNN/Stim//facegen_front/h14_07.jpg,diff,3,2.282056152820587,0.26438309252262115,0.3436537981033325
classify,mixed_imagenet_vggface,10,/home/vayzenbe/GitHub_Repos/GiNN/Stim//facegen_front/h30_11.jpg,/home/vayzenbe/GitHub_Repos/GiNN/Stim//facegen_front/h16_01.jpg,diff,3,2.282056152820587,0.26438309252262115,0.36053675413131714
classify,mixed_imagenet_vggface,10,/home/vayzenbe/GitHub_Repos/GiNN/Stim//facegen_front/h30_11.jpg,/home/vayzenbe/GitHub_Repos/GiNN/Stim//facegen_front/h34_02.jpg,diff,3,2.282056152820587,0.26438309252262115,0.9433088898658752
classify,mixed_imagenet_vggface,10,/home/vayzenbe/GitHub_Repos/GiNN/Stim//facegen_front/h30_11.jpg,/home/vayzenbe/GitHub_Repos/GiNN/Stim//facegen_front/h18_14.jpg,diff,3,2.282056152820587,0.26438309252262115,0.8198117613792419
classify,mixed_imagenet_vggface,10,/home/vayzenbe/GitHub_Repos/GiNN/Stim//facegen_front/h30_11.jpg,/home/vayzenbe/GitHub_Repos/GiNN/Stim//facegen_front/h02_06.jpg,diff,3,2.282056152820587,0.26438309252262115,0.4832131564617157
classify,mixed_imagenet_vggface,10,/home/vayzenbe/GitHub_Repos/GiNN/Stim//facegen_front/h30_11.jpg,/home/vayzenbe/GitHub_Repos/GiNN/Stim//facegen_front/h27_07.jpg,diff,3,2.282056152820587,0.26438309252262115,0.5717804431915283
classify,mixed_imagenet_vggface,10,/home/vayzenbe/GitHub_Repos/GiNN/Stim//facegen_front/h12_20.jpg,/home/vayzenbe/GitHub_Repos/GiNN/Stim//facegen_front/h30_11.jpg,diff,3,0.6844646632671356,0.928951770067215,0.7014229893684387
classify,mixed_imagenet_vggface,10,/home/vayzenbe/GitHub_Repos/GiNN/Stim//facegen_front/h12_20.jpg,/home/vayzenbe/GitHub_Repos/GiNN/Stim//facegen_front/h12_20.jpg,same,3,0.6844646632671356,0.928951770067215,0.7561417818069458
classify,mixed_imagenet_vggface,10,/home/vayzenbe/GitHub_Repos/GiNN/Stim//facegen_front/h12_20.jpg,/home/vayzenbe/GitHub_Repos/GiNN/Stim//facegen_front/h03_01.jpg,diff,3,0.6844646632671356,0.928951770067215,0.9838106036186218
classify,mixed_imagenet_vggface,10,/home/vayzenbe/GitHub_Repos/GiNN/Stim//facegen_front/h12_20.jpg,/home/vayzenbe/GitHub_Repos/GiNN/Stim//facegen_front/h21_02.jpg,diff,3,0.6844646632671356,0.928951770067215,0.9373631477355957
classify,mixed_imagenet_vggface,10,/home/vayzenbe/GitHub_Repos/GiNN/Stim//facegen_front/h12_20.jpg,/home/vayzenbe/GitHub_Repos/GiNN/Stim//facegen_front/h15_01.jpg,diff,3,0.6844646632671356,0.928951770067215,0.5984870791435242
classify,mixed_imagenet_vggface,10,/home/vayzenbe/GitHub_Repos/GiNN/Stim//facegen_front/h12_20.jpg,/home/vayzenbe/GitHub_Repos/GiNN/Stim//facegen_front/h04_28.jpg,diff,3,0.6844646632671356,0.928951770067215,0.8691270351409912
classify,mixed_imagenet_vggface,10,/home/vayzenbe/GitHub_Repos/GiNN/Stim//facegen_front/h12_20.jpg,/home/vayzenbe/GitHub_Repos/GiNN/Stim//facegen_front/h07_01.jpg,diff,3,0.6844646632671356,0.928951770067215,0.9687075018882751
classify,mixed_imagenet_vggface,10,/home/vayzenbe/GitHub_Repos/GiNN/Stim//facegen_front/h12_20.jpg,/home/vayzenbe/GitHub_Repos/GiNN/Stim//facegen_front/h01_15.jpg,diff,3,0.6844646632671356,0.928951770067215,0.8904052376747131
classify,mixed_imagenet_vggface,10,/home/vayzenbe/GitHub_Repos/GiNN/Stim//facegen_front/h12_20.jpg,/home/vayzenbe/GitHub_Repos/GiNN/Stim//facegen_front/h33_17.jpg,diff,3,0.6844646632671356,0.928951770067215,1.1188173294067383
classify,mixed_imagenet_vggface,10,/home/vayzenbe/GitHub_Repos/GiNN/Stim//facegen_front/h12_20.jpg,/home/vayzenbe/GitHub_Repos/GiNN/Stim//facegen_front/h10_01.jpg,diff,3,0.6844646632671356,0.928951770067215,0.9703593254089355
classify,mixed_imagenet_vggface,10,/home/vayzenbe/GitHub_Repos/GiNN/Stim//facegen_front/h12_20.jpg,/home/vayzenbe/GitHub_Repos/GiNN/Stim//facegen_front/h31_01.jpg,diff,3,0.6844646632671356,0.928951770067215,0.868743360042572
classify,mixed_imagenet_vggface,10,/home/vayzenbe/GitHub_Repos/GiNN/Stim//facegen_front/h12_20.jpg,/home/vayzenbe/GitHub_Repos/GiNN/Stim//facegen_front/h14_07.jpg,diff,3,0.6844646632671356,0.928951770067215,0.6505770683288574
classify,mixed_imagenet_vggface,10,/home/vayzenbe/GitHub_Repos/GiNN/Stim//facegen_front/h12_20.jpg,/home/vayzenbe/GitHub_Repos/GiNN/Stim//facegen_front/h16_01.jpg,diff,3,0.6844646632671356,0.928951770067215,0.5983527302742004
classify,mixed_imagenet_vggface,10,/home/vayzenbe/GitHub_Repos/GiNN/Stim//facegen_front/h12_20.jpg,/home/vayzenbe/GitHub_Repos/GiNN/Stim//facegen_front/h34_02.jpg,diff,3,0.6844646632671356,0.928951770067215,1.324554204940796
classify,mixed_imagenet_vggface,10,/home/vayzenbe/GitHub_Repos/GiNN/Stim//facegen_front/h12_20.jpg,/home/vayzenbe/GitHub_Repos/GiNN/Stim//facegen_front/h18_14.jpg,diff,3,0.6844646632671356,0.928951770067215,1.3773994445800781
classify,mixed_imagenet_vggface,10,/home/vayzenbe/GitHub_Repos/GiNN/Stim//facegen_front/h12_20.jpg,/home/vayzenbe/GitHub_Repos/GiNN/Stim//facegen_front/h02_06.jpg,diff,3,0.6844646632671356,0.928951770067215,0.8037236928939819
classify,mixed_imagenet_vggface,10,/home/vayzenbe/GitHub_Repos/GiNN/Stim//facegen_front/h12_20.jpg,/home/vayzenbe/GitHub_Repos/GiNN/Stim//facegen_front/h27_07.jpg,diff,3,0.6844646632671356,0.928951770067215,1.111730933189392
classify,mixed_imagenet_vggface,10,/home/vayzenbe/GitHub_Repos/GiNN/Stim//facegen_front/h03_01.jpg,/home/vayzenbe/GitHub_Repos/GiNN/Stim//facegen_front/h30_11.jpg,diff,3,0.8441885709762573,0.3095385655760765,0.47875481843948364
classify,mixed_imagenet_vggface,10,/home/vayzenbe/GitHub_Repos/GiNN/Stim//facegen_front/h03_01.jpg,/home/vayzenbe/GitHub_Repos/GiNN/Stim//facegen_front/h12_20.jpg,diff,3,0.8441885709762573,0.3095385655760765,0.12136711180210114
classify,mixed_imagenet_vggface,10,/home/vayzenbe/GitHub_Repos/GiNN/Stim//facegen_front/h03_01.jpg,/home/vayzenbe/GitHub_Repos/GiNN/Stim//facegen_front/h03_01.jpg,same,3,0.8441885709762573,0.3095385655760765,0.10743398219347
classify,mixed_imagenet_vggface,10,/home/vayzenbe/GitHub_Repos/GiNN/Stim//facegen_front/h03_01.jpg,/home/vayzenbe/GitHub_Repos/GiNN/Stim//facegen_front/h21_02.jpg,diff,3,0.8441885709762573,0.3095385655760765,0.5321941375732422
classify,mixed_imagenet_vggface,10,/home/vayzenbe/GitHub_Repos/GiNN/Stim//facegen_front/h03_01.jpg,/home/vayzenbe/GitHub_Repos/GiNN/Stim//facegen_front/h15_01.jpg,diff,3,0.8441885709762573,0.3095385655760765,0.19802862405776978
classify,mixed_imagenet_vggface,10,/home/vayzenbe/GitHub_Repos/GiNN/Stim//facegen_front/h03_01.jpg,/home/vayzenbe/GitHub_Repos/GiNN/Stim//facegen_front/h04_28.jpg,diff,3,0.8441885709762573,0.3095385655760765,0.19558730721473694
classify,mixed_imagenet_vggface,10,/home/vayzenbe/GitHub_Repos/GiNN/Stim//facegen_front/h03_01.jpg,/home/vayzenbe/GitHub_Repos/GiNN/Stim//facegen_front/h07_01.jpg,diff,3,0.8441885709762573,0.3095385655760765,0.21069076657295227
classify,mixed_imagenet_vggface,10,/home/vayzenbe/GitHub_Repos/GiNN/Stim//facegen_front/h03_01.jpg,/home/vayzenbe/GitHub_Repos/GiNN/Stim//facegen_front/h01_15.jpg,diff,3,0.8441885709762573,0.3095385655760765,0.13866622745990753
classify,mixed_imagenet_vggface,10,/home/vayzenbe/GitHub_Repos/GiNN/Stim//facegen_front/h03_01.jpg,/home/vayzenbe/GitHub_Repos/GiNN/Stim//facegen_front/h33_17.jpg,diff,3,0.8441885709762573,0.3095385655760765,0.4067869484424591
classify,mixed_imagenet_vggface,10,/home/vayzenbe/GitHub_Repos/GiNN/Stim//facegen_front/h03_01.jpg,/home/vayzenbe/GitHub_Repos/GiNN/Stim//facegen_front/h10_01.jpg,diff,3,0.8441885709762573,0.3095385655760765,0.3582819998264313
classify,mixed_imagenet_vggface,10,/home/vayzenbe/GitHub_Repos/GiNN/Stim//facegen_front/h03_01.jpg,/home/vayzenbe/GitHub_Repos/GiNN/Stim//facegen_front/h31_01.jpg,diff,3,0.8441885709762573,0.3095385655760765,0.2689985930919647
classify,mixed_imagenet_vggface,10,/home/vayzenbe/GitHub_Repos/GiNN/Stim//facegen_front/h03_01.jpg,/home/vayzenbe/GitHub_Repos/GiNN/Stim//facegen_front/h14_07.jpg,diff,3,0.8441885709762573,0.3095385655760765,0.22202689945697784
classify,mixed_imagenet_vggface,10,/home/vayzenbe/GitHub_Repos/GiNN/Stim//facegen_front/h03_01.jpg,/home/vayzenbe/GitHub_Repos/GiNN/Stim//facegen_front/h16_01.jpg,diff,3,0.8441885709762573,0.3095385655760765,0.23124302923679352
classify,mixed_imagenet_vggface,10,/home/vayzenbe/GitHub_Repos/GiNN/Stim//facegen_front/h03_01.jpg,/home/vayzenbe/GitHub_Repos/GiNN/Stim//facegen_front/h34_02.jpg,diff,3,0.8441885709762573,0.3095385655760765,0.46268269419670105
classify,mixed_imagenet_vggface,10,/home/vayzenbe/GitHub_Repos/GiNN/Stim//facegen_front/h03_01.jpg,/home/vayzenbe/GitHub_Repos/GiNN/Stim//facegen_front/h18_14.jpg,diff,3,0.8441885709762573,0.3095385655760765,0.5207271575927734
classify,mixed_imagenet_vggface,10,/home/vayzenbe/GitHub_Repos/GiNN/Stim//facegen_front/h03_01.jpg,/home/vayzenbe/GitHub_Repos/GiNN/Stim//facegen_front/h02_06.jpg,diff,3,0.8441885709762573,0.3095385655760765,0.21221230924129486
classify,mixed_imagenet_vggface,10,/home/vayzenbe/GitHub_Repos/GiNN/Stim//facegen_front/h03_01.jpg,/home/vayzenbe/GitHub_Repos/GiNN/Stim//facegen_front/h27_07.jpg,diff,3,0.8441885709762573,0.3095385655760765,0.4651256501674652
classify,mixed_imagenet_vggface,10,/home/vayzenbe/GitHub_Repos/GiNN/Stim//facegen_front/h21_02.jpg,/home/vayzenbe/GitHub_Repos/GiNN/Stim//facegen_front/h30_11.jpg,diff,3,0.5324746966362,0.5456633865833282,0.6821205615997314
classify,mixed_imagenet_vggface,10,/home/vayzenbe/GitHub_Repos/GiNN/Stim//facegen_front/h21_02.jpg,/home/vayzenbe/GitHub_Repos/GiNN/Stim//facegen_front/h12_20.jpg,diff,3,0.5324746966362,0.5456633865833282,0.5164423584938049
classify,mixed_imagenet_vggface,10,/home/vayzenbe/GitHub_Repos/GiNN/Stim//facegen_front/h21_02.jpg,/home/vayzenbe/GitHub_Repos/GiNN/Stim//facegen_front/h03_01.jpg,diff,3,0.5324746966362,0.5456633865833282,0.43327003717422485
classify,mixed_imagenet_vggface,10,/home/vayzenbe/GitHub_Repos/GiNN/Stim//facegen_front/h21_02.jpg,/home/vayzenbe/GitHub_Repos/GiNN/Stim//facegen_front/h21_02.jpg,same,3,0.5324746966362,0.5456633865833282,0.5255688428878784
classify,mixed_imagenet_vggface,10,/home/vayzenbe/GitHub_Repos/GiNN/Stim//facegen_front/h21_02.jpg,/home/vayzenbe/GitHub_Repos/GiNN/Stim//facegen_front/h15_01.jpg,diff,3,0.5324746966362,0.5456633865833282,0.5501889586448669
classify,mixed_imagenet_vggface,10,/home/vayzenbe/GitHub_Repos/GiNN/Stim//facegen_front/h21_02.jpg,/home/vayzenbe/GitHub_Repos/GiNN/Stim//facegen_front/h04_28.jpg,diff,3,0.5324746966362,0.5456633865833282,0.5226774215698242
classify,mixed_imagenet_vggface,10,/home/vayzenbe/GitHub_Repos/GiNN/Stim//facegen_front/h21_02.jpg,/home/vayzenbe/GitHub_Repos/GiNN/Stim//facegen_front/h07_01.jpg,diff,3,0.5324746966362,0.5456633865833282,0.5768173336982727
classify,mixed_imagenet_vggface,10,/home/vayzenbe/GitHub_Repos/GiNN/Stim//facegen_front/h21_02.jpg,/home/vayzenbe/GitHub_Repos/GiNN/Stim//facegen_front/h01_15.jpg,diff,3,0.5324746966362,0.5456633865833282,0.4999556243419647
classify,mixed_imagenet_vggface,10,/home/vayzenbe/GitHub_Repos/GiNN/Stim//facegen_front/h21_02.jpg,/home/vayzenbe/GitHub_Repos/GiNN/Stim//facegen_front/h33_17.jpg,diff,3,0.5324746966362,0.5456633865833282,0.5711601376533508
classify,mixed_imagenet_vggface,10,/home/vayzenbe/GitHub_Repos/GiNN/Stim//facegen_front/h21_02.jpg,/home/vayzenbe/GitHub_Repos/GiNN/Stim//facegen_front/h10_01.jpg,diff,3,0.5324746966362,0.5456633865833282,0.54810631275177
classify,mixed_imagenet_vggface,10,/home/vayzenbe/GitHub_Repos/GiNN/Stim//facegen_front/h21_02.jpg,/home/vayzenbe/GitHub_Repos/GiNN/Stim//facegen_front/h31_01.jpg,diff,3,0.5324746966362,0.5456633865833282,0.5472533106803894
classify,mixed_imagenet_vggface,10,/home/vayzenbe/GitHub_Repos/GiNN/Stim//facegen_front/h21_02.jpg,/home/vayzenbe/GitHub_Repos/GiNN/Stim//facegen_front/h14_07.jpg,diff,3,0.5324746966362,0.5456633865833282,0.541047990322113
classify,mixed_imagenet_vggface,10,/home/vayzenbe/GitHub_Repos/GiNN/Stim//facegen_front/h21_02.jpg,/home/vayzenbe/GitHub_Repos/GiNN/Stim//facegen_front/h16_01.jpg,diff,3,0.5324746966362,0.5456633865833282,0.5629264116287231
classify,mixed_imagenet_vggface,10,/home/vayzenbe/GitHub_Repos/GiNN/Stim//facegen_front/h21_02.jpg,/home/vayzenbe/GitHub_Repos/GiNN/Stim//facegen_front/h34_02.jpg,diff,3,0.5324746966362,0.5456633865833282,0.6519443988800049
classify,mixed_imagenet_vggface,10,/home/vayzenbe/GitHub_Repos/GiNN/Stim//facegen_front/h21_02.jpg,/home/vayzenbe/GitHub_Repos/GiNN/Stim//facegen_front/h18_14.jpg,diff,3,0.5324746966362,0.5456633865833282,0.6063866019248962
classify,mixed_imagenet_vggface,10,/home/vayzenbe/GitHub_Repos/GiNN/Stim//facegen_front/h21_02.jpg,/home/vayzenbe/GitHub_Repos/GiNN/Stim//facegen_front/h02_06.jpg,diff,3,0.5324746966362,0.5456633865833282,0.5249471664428711
classify,mixed_imagenet_vggface,10,/home/vayzenbe/GitHub_Repos/GiNN/Stim//facegen_front/h21_02.jpg,/home/vayzenbe/GitHub_Repos/GiNN/Stim//facegen_front/h27_07.jpg,diff,3,0.5324746966362,0.5456633865833282,0.6281983256340027
classify,mixed_imagenet_vggface,10,/home/vayzenbe/GitHub_Repos/GiNN/Stim//facegen_front/h15_01.jpg,/home/vayzenbe/GitHub_Repos/GiNN/Stim//facegen_front/h30_11.jpg,diff,3,0.5569101870059967,0.4623585045337677,0.4065638482570648
classify,mixed_imagenet_vggface,10,/home/vayzenbe/GitHub_Repos/GiNN/Stim//facegen_front/h15_01.jpg,/home/vayzenbe/GitHub_Repos/GiNN/Stim//facegen_front/h12_20.jpg,diff,3,0.5569101870059967,0.4623585045337677,0.4084683656692505
classify,mixed_imagenet_vggface,10,/home/vayzenbe/GitHub_Repos/GiNN/Stim//facegen_front/h15_01.jpg,/home/vayzenbe/GitHub_Repos/GiNN/Stim//facegen_front/h03_01.jpg,diff,3,0.5569101870059967,0.4623585045337677,0.403026819229126
classify,mixed_imagenet_vggface,10,/home/vayzenbe/GitHub_Repos/GiNN/Stim//facegen_front/h15_01.jpg,/home/vayzenbe/GitHub_Repos/GiNN/Stim//facegen_front/h21_02.jpg,diff,3,0.5569101870059967,0.4623585045337677,0.2439468502998352
classify,mixed_imagenet_vggface,10,/home/vayzenbe/GitHub_Repos/GiNN/Stim//facegen_front/h15_01.jpg,/home/vayzenbe/GitHub_Repos/GiNN/Stim//facegen_front/h15_01.jpg,same,3,0.5569101870059967,0.4623585045337677,0.3056957423686981
classify,mixed_imagenet_vggface,10,/home/vayzenbe/GitHub_Repos/GiNN/Stim//facegen_front/h15_01.jpg,/home/vayzenbe/GitHub_Repos/GiNN/Stim//facegen_front/h04_28.jpg,diff,3,0.5569101870059967,0.4623585045337677,0.4225371778011322
classify,mixed_imagenet_vggface,10,/home/vayzenbe/GitHub_Repos/GiNN/Stim//facegen_front/h15_01.jpg,/home/vayzenbe/GitHub_Repos/GiNN/Stim//facegen_front/h07_01.jpg,diff,3,0.5569101870059967,0.4623585045337677,0.4693961441516876
classify,mixed_imagenet_vggface,10,/home/vayzenbe/GitHub_Repos/GiNN/Stim//facegen_front/h15_01.jpg,/home/vayzenbe/GitHub_Repos/GiNN/Stim//facegen_front/h01_15.jpg,diff,3,0.5569101870059967,0.4623585045337677,0.4324967563152313
classify,mixed_imagenet_vggface,10,/home/vayzenbe/GitHub_Repos/GiNN/Stim//facegen_front/h15_01.jpg,/home/vayzenbe/GitHub_Repos/GiNN/Stim//facegen_front/h33_17.jpg,diff,3,0.5569101870059967,0.4623585045337677,0.433391809463501
classify,mixed_imagenet_vggface,10,/home/vayzenbe/GitHub_Repos/GiNN/Stim//facegen_front/h15_01.jpg,/home/vayzenbe/GitHub_Repos/GiNN/Stim//facegen_front/h10_01.jpg,diff,3,0.5569101870059967,0.4623585045337677,0.3834863305091858
classify,mixed_imagenet_vggface,10,/home/vayzenbe/GitHub_Repos/GiNN/Stim//facegen_front/h15_01.jpg,/home/vayzenbe/GitHub_Repos/GiNN/Stim//facegen_front/h31_01.jpg,diff,3,0.5569101870059967,0.4623585045337677,0.37665754556655884
classify,mixed_imagenet_vggface,10,/home/vayzenbe/GitHub_Repos/GiNN/Stim//facegen_front/h15_01.jpg,/home/vayzenbe/GitHub_Repos/GiNN/Stim//facegen_front/h14_07.jpg,diff,3,0.5569101870059967,0.4623585045337677,0.34452226758003235
classify,mixed_imagenet_vggface,10,/home/vayzenbe/GitHub_Repos/GiNN/Stim//facegen_front/h15_01.jpg,/home/vayzenbe/GitHub_Repos/GiNN/Stim//facegen_front/h16_01.jpg,diff,3,0.5569101870059967,0.4623585045337677,0.3317359983921051
classify,mixed_imagenet_vggface,10,/home/vayzenbe/GitHub_Repos/GiNN/Stim//facegen_front/h15_01.jpg,/home/vayzenbe/GitHub_Repos/GiNN/Stim//facegen_front/h34_02.jpg,diff,3,0.5569101870059967,0.4623585045337677,0.5237681269645691
classify,mixed_imagenet_vggface,10,/home/vayzenbe/GitHub_Repos/GiNN/Stim//facegen_front/h15_01.jpg,/home/vayzenbe/GitHub_Repos/GiNN/Stim//facegen_front/h18_14.jpg,diff,3,0.5569101870059967,0.4623585045337677,0.501590371131897
classify,mixed_imagenet_vggface,10,/home/vayzenbe/GitHub_Repos/GiNN/Stim//facegen_front/h15_01.jpg,/home/vayzenbe/GitHub_Repos/GiNN/Stim//facegen_front/h02_06.jpg,diff,3,0.5569101870059967,0.4623585045337677,0.38028478622436523
classify,mixed_imagenet_vggface,10,/home/vayzenbe/GitHub_Repos/GiNN/Stim//facegen_front/h15_01.jpg,/home/vayzenbe/GitHub_Repos/GiNN/Stim//facegen_front/h27_07.jpg,diff,3,0.5569101870059967,0.4623585045337677,0.4770524203777313
classify,mixed_imagenet_vggface,10,/home/vayzenbe/GitHub_Repos/GiNN/Stim//facegen_front/h04_28.jpg,/home/vayzenbe/GitHub_Repos/GiNN/Stim//facegen_front/h30_11.jpg,diff,3,0.37985776364803314,0.23779653757810593,0.29865777492523193
classify,mixed_imagenet_vggface,10,/home/vayzenbe/GitHub_Repos/GiNN/Stim//facegen_front/h04_28.jpg,/home/vayzenbe/GitHub_Repos/GiNN/Stim//facegen_front/h12_20.jpg,diff,3,0.37985776364803314,0.23779653757810593,0.24778005480766296
classify,mixed_imagenet_vggface,10,/home/vayzenbe/GitHub_Repos/GiNN/Stim//facegen_front/h04_28.jpg,/home/vayzenbe/GitHub_Repos/GiNN/Stim//facegen_front/h03_01.jpg,diff,3,0.37985776364803314,0.23779653757810593,0.31253382563591003
classify,mixed_imagenet_vggface,10,/home/vayzenbe/GitHub_Repos/GiNN/Stim//facegen_front/h04_28.jpg,/home/vayzenbe/GitHub_Repos/GiNN/Stim//facegen_front/h21_02.jpg,diff,3,0.37985776364803314,0.23779653757810593,0.2945568263530731
classify,mixed_imagenet_vggface,10,/home/vayzenbe/GitHub_Repos/GiNN/Stim//facegen_front/h04_28.jpg,/home/vayzenbe/GitHub_Repos/GiNN/Stim//facegen_front/h15_01.jpg,diff,3,0.37985776364803314,0.23779653757810593,0.14117977023124695
classify,mixed_imagenet_vggface,10,/home/vayzenbe/GitHub_Repos/GiNN/Stim//facegen_front/h04_28.jpg,/home/vayzenbe/GitHub_Repos/GiNN/Stim//facegen_front/h04_28.jpg,same,3,0.37985776364803314,0.23779653757810593,0.1894458830356598
classify,mixed_imagenet_vggface,10,/home/vayzenbe/GitHub_Repos/GiNN/Stim//facegen_front/h04_28.jpg,/home/vayzenbe/GitHub_Repos/GiNN/Stim//facegen_front/h07_01.jpg,diff,3,0.37985776364803314,0.23779653757810593,0.29325443506240845
classify,mixed_imagenet_vggface,10,/home/vayzenbe/GitHub_Repos/GiNN/Stim//facegen_front/h04_28.jpg,/home/vayzenbe/GitHub_Repos/GiNN/Stim//facegen_front/h01_15.jpg,diff,3,0.37985776364803314,0.23779653757810593,0.30642735958099365
classify,mixed_imagenet_vggface,10,/home/vayzenbe/GitHub_Repos/GiNN/Stim//facegen_front/h04_28.jpg,/home/vayzenbe/GitHub_Repos/GiNN/Stim//facegen_front/h33_17.jpg,diff,3,0.37985776364803314,0.23779653757810593,0.3711349666118622
classify,mixed_imagenet_vggface,10,/home/vayzenbe/GitHub_Repos/GiNN/Stim//facegen_front/h04_28.jpg,/home/vayzenbe/GitHub_Repos/GiNN/Stim//facegen_front/h10_01.jpg,diff,3,0.37985776364803314,0.23779653757810593,0.2973346412181854
classify,mixed_imagenet_vggface,10,/home/vayzenbe/GitHub_Repos/GiNN/Stim//facegen_front/h04_28.jpg,/home/vayzenbe/GitHub_Repos/GiNN/Stim//facegen_front/h31_01.jpg,diff,3,0.37985776364803314,0.23779653757810593,0.2930099368095398
classify,mixed_imagenet_vggface,10,/home/vayzenbe/GitHub_Repos/GiNN/Stim//facegen_front/h04_28.jpg,/home/vayzenbe/GitHub_Repos/GiNN/Stim//facegen_front/h14_07.jpg,diff,3,0.37985776364803314,0.23779653757810593,0.2103859931230545
classify,mixed_imagenet_vggface,10,/home/vayzenbe/GitHub_Repos/GiNN/Stim//facegen_front/h04_28.jpg,/home/vayzenbe/GitHub_Repos/GiNN/Stim//facegen_front/h16_01.jpg,diff,3,0.37985776364803314,0.23779653757810593,0.16409832239151
classify,mixed_imagenet_vggface,10,/home/vayzenbe/GitHub_Repos/GiNN/Stim//facegen_front/h04_28.jpg,/home/vayzenbe/GitHub_Repos/GiNN/Stim//facegen_front/h34_02.jpg,diff,3,0.37985776364803314,0.23779653757810593,0.47073036432266235
classify,mixed_imagenet_vggface,10,/home/vayzenbe/GitHub_Repos/GiNN/Stim//facegen_front/h04_28.jpg,/home/vayzenbe/GitHub_Repos/GiNN/Stim//facegen_front/h18_14.jpg,diff,3,0.37985776364803314,0.23779653757810593,0.5010135173797607
classify,mixed_imagenet_vggface,10,/home/vayzenbe/GitHub_Repos/GiNN/Stim//facegen_front/h04_28.jpg,/home/vayzenbe/GitHub_Repos/GiNN/Stim//facegen_front/h02_06.jpg,diff,3,0.37985776364803314,0.23779653757810593,0.2458285093307495
classify,mixed_imagenet_vggface,10,/home/vayzenbe/GitHub_Repos/GiNN/Stim//facegen_front/h04_28.jpg,/home/vayzenbe/GitHub_Repos/GiNN/Stim//facegen_front/h27_07.jpg,diff,3,0.37985776364803314,0.23779653757810593,0.4808376431465149
classify,mixed_imagenet_vggface,10,/home/vayzenbe/GitHub_Repos/GiNN/Stim//facegen_front/h07_01.jpg,/home/vayzenbe/GitHub_Repos/GiNN/Stim//facegen_front/h30_11.jpg,diff,3,0.28794291615486145,0.2381678745150566,0.48194417357444763
classify,mixed_imagenet_vggface,10,/home/vayzenbe/GitHub_Repos/GiNN/Stim//facegen_front/h07_01.jpg,/home/vayzenbe/GitHub_Repos/GiNN/Stim//facegen_front/h12_20.jpg,diff,3,0.28794291615486145,0.2381678745150566,0.24370162189006805
classify,mixed_imagenet_vggface,10,/home/vayzenbe/GitHub_Repos/GiNN/Stim//facegen_front/h07_01.jpg,/home/vayzenbe/GitHub_Repos/GiNN/Stim//facegen_front/h03_01.jpg,diff,3,0.28794291615486145,0.2381678745150566,0.3613218069076538
classify,mixed_imagenet_vggface,10,/home/vayzenbe/GitHub_Repos/GiNN/Stim//facegen_front/h07_01.jpg,/home/vayzenbe/GitHub_Repos/GiNN/Stim//facegen_front/h21_02.jpg,diff,3,0.28794291615486145,0.2381678745150566,0.6079314947128296
classify,mixed_imagenet_vggface,10,/home/vayzenbe/GitHub_Repos/GiNN/Stim//facegen_front/h07_01.jpg,/home/vayzenbe/GitHub_Repos/GiNN/Stim//facegen_front/h15_01.jpg,diff,3,0.28794291615486145,0.2381678745150566,0.25191211700439453
classify,mixed_imagenet_vggface,10,/home/vayzenbe/GitHub_Repos/GiNN/Stim//facegen_front/h07_01.jpg,/home/vayzenbe/GitHub_Repos/GiNN/Stim//facegen_front/h04_28.jpg,diff,3,0.28794291615486145,0.2381678745150566,0.18436390161514282
classify,mixed_imagenet_vggface,10,/home/vayzenbe/GitHub_Repos/GiNN/Stim//facegen_front/h07_01.jpg,/home/vayzenbe/GitHub_Repos/GiNN/Stim//facegen_front/h07_01.jpg,same,3,0.28794291615486145,0.2381678745150566,0.1749367117881775
classify,mixed_imagenet_vggface,10,/home/vayzenbe/GitHub_Repos/GiNN/Stim//facegen_front/h07_01.jpg,/home/vayzenbe/GitHub_Repos/GiNN/Stim//facegen_front/h01_15.jpg,diff,3,0.28794291615486145,0.2381678745150566,0.3519367575645447
classify,mixed_imagenet_vggface,10,/home/vayzenbe/GitHub_Repos/GiNN/Stim//facegen_front/h07_01.jpg,/home/vayzenbe/GitHub_Repos/GiNN/Stim//facegen_front/h33_17.jpg,diff,3,0.28794291615486145,0.2381678745150566,0.4418899118900299
classify,mixed_imagenet_vggface,10,/home/vayzenbe/GitHub_Repos/GiNN/Stim//facegen_front/h07_01.jpg,/home/vayzenbe/GitHub_Repos/GiNN/Stim//facegen_front/h10_01.jpg,diff,3,0.28794291615486145,0.2381678745150566,0.3885799050331116
classify,mixed_imagenet_vggface,10,/home/vayzenbe/GitHub_Repos/GiNN/Stim//facegen_front/h07_01.jpg,/home/vayzenbe/GitHub_Repos/GiNN/Stim//facegen_front/h31_01.jpg,diff,3,0.28794291615486145,0.2381678745150566,0.4086461663246155
classify,mixed_imagenet_vggface,10,/home/vayzenbe/GitHub_Repos/GiNN/Stim//facegen_front/h07_01.jpg,/home/vayzenbe/GitHub_Repos/GiNN/Stim//facegen_front/h14_07.jpg,diff,3,0.28794291615486145,0.2381678745150566,0.3240066170692444
classify,mixed_imagenet_vggface,10,/home/vayzenbe/GitHub_Repos/GiNN/Stim//facegen_front/h07_01.jpg,/home/vayzenbe/GitHub_Repos/GiNN/Stim//facegen_front/h16_01.jpg,diff,3,0.28794291615486145,0.2381678745150566,0.24580930173397064
classify,mixed_imagenet_vggface,10,/home/vayzenbe/GitHub_Repos/GiNN/Stim//facegen_front/h07_01.jpg,/home/vayzenbe/GitHub_Repos/GiNN/Stim//facegen_front/h34_02.jpg,diff,3,0.28794291615486145,0.2381678745150566,0.46538084745407104
classify,mixed_imagenet_vggface,10,/home/vayzenbe/GitHub_Repos/GiNN/Stim//facegen_front/h07_01.jpg,/home/vayzenbe/GitHub_Repos/GiNN/Stim//facegen_front/h18_14.jpg,diff,3,0.28794291615486145,0.2381678745150566,0.5930178761482239
classify,mixed_imagenet_vggface,10,/home/vayzenbe/GitHub_Repos/GiNN/Stim//facegen_front/h07_01.jpg,/home/vayzenbe/GitHub_Repos/GiNN/Stim//facegen_front/h02_06.jpg,diff,3,0.28794291615486145,0.2381678745150566,0.3116709589958191
classify,mixed_imagenet_vggface,10,/home/vayzenbe/GitHub_Repos/GiNN/Stim//facegen_front/h07_01.jpg,/home/vayzenbe/GitHub_Repos/GiNN/Stim//facegen_front/h27_07.jpg,diff,3,0.28794291615486145,0.2381678745150566,0.6151041984558105
classify,mixed_imagenet_vggface,10,/home/vayzenbe/GitHub_Repos/GiNN/Stim//facegen_front/h01_15.jpg,/home/vayzenbe/GitHub_Repos/GiNN/Stim//facegen_front/h30_11.jpg,diff,3,0.33791135251522064,0.25379717350006104,0.5026636123657227
classify,mixed_imagenet_vggface,10,/home/vayzenbe/GitHub_Repos/GiNN/Stim//facegen_front/h01_15.jpg,/home/vayzenbe/GitHub_Repos/GiNN/Stim//facegen_front/h12_20.jpg,diff,3,0.33791135251522064,0.25379717350006104,0.1746326982975006
classify,mixed_imagenet_vggface,10,/home/vayzenbe/GitHub_Repos/GiNN/Stim//facegen_front/h01_15.jpg,/home/vayzenbe/GitHub_Repos/GiNN/Stim//facegen_front/h03_01.jpg,diff,3,0.33791135251522064,0.25379717350006104,0.22341544926166534
classify,mixed_imagenet_vggface,10,/home/vayzenbe/GitHub_Repos/GiNN/Stim//facegen_front/h01_15.jpg,/home/vayzenbe/GitHub_Repos/GiNN/Stim//facegen_front/h21_02.jpg,diff,3,0.33791135251522064,0.25379717350006104,0.6621127128601074
classify,mixed_imagenet_vggface,10,/home/vayzenbe/GitHub_Repos/GiNN/Stim//facegen_front/h01_15.jpg,/home/vayzenbe/GitHub_Repos/GiNN/Stim//facegen_front/h15_01.jpg,diff,3,0.33791135251522064,0.25379717350006104,0.2699444890022278
classify,mixed_imagenet_vggface,10,/home/vayzenbe/GitHub_Repos/GiNN/Stim//facegen_front/h01_15.jpg,/home/vayzenbe/GitHub_Repos/GiNN/Stim//facegen_front/h04_28.jpg,diff,3,0.33791135251522064,0.25379717350006104,0.2007472664117813
classify,mixed_imagenet_vggface,10,/home/vayzenbe/GitHub_Repos/GiNN/Stim//facegen_front/h01_15.jpg,/home/vayzenbe/GitHub_Repos/GiNN/Stim//facegen_front/h07_01.jpg,diff,3,0.33791135251522064,0.25379717350006104,0.11806316673755646
classify,mixed_imagenet_vggface,10,/home/vayzenbe/GitHub_Repos/GiNN/Stim//facegen_front/h01_15.jpg,/home/vayzenbe/GitHub_Repos/GiNN/Stim//facegen_front/h01_15.jpg,same,3,0.33791135251522064,0.25379717350006104,0.18804480135440826
classify,mixed_imagenet_vggface,10,/home/vayzenbe/GitHub_Repos/GiNN/Stim//facegen_front/h01_15.jpg,/home/vayzenbe/GitHub_Repos/GiNN/Stim//facegen_front/h33_17.jpg,diff,3,0.33791135251522064,0.25379717350006104,0.4279160797595978
classify,mixed_imagenet_vggface,10,/home/vayzenbe/GitHub_Repos/GiNN/Stim//facegen_front/h01_15.jpg,/home/vayzenbe/GitHub_Repos/GiNN/Stim//facegen_front/h10_01.jpg,diff,3,0.33791135251522064,0.25379717350006104,0.3866742253303528
classify,mixed_imagenet_vggface,10,/home/vayzenbe/GitHub_Repos/GiNN/Stim//facegen_front/h01_15.jpg,/home/vayzenbe/GitHub_Repos/GiNN/Stim//facegen_front/h31_01.jpg,diff,3,0.33791135251522064,0.25379717350006104,0.32765260338783264
classify,mixed_imagenet_vggface,10,/home/vayzenbe/GitHub_Repos/GiNN/Stim//facegen_front/h01_15.jpg,/home/vayzenbe/GitHub_Repos/GiNN/Stim//facegen_front/h14_07.jpg,diff,3,0.33791135251522064,0.25379717350006104,0.29755276441574097
classify,mixed_imagenet_vggface,10,/home/vayzenbe/GitHub_Repos/GiNN/Stim//facegen_front/h01_15.jpg,/home/vayzenbe/GitHub_Repos/GiNN/Stim//facegen_front/h16_01.jpg,diff,3,0.33791135251522064,0.25379717350006104,0.2724466919898987
classify,mixed_imagenet_vggface,10,/home/vayzenbe/GitHub_Repos/GiNN/Stim//facegen_front/h01_15.jpg,/home/vayzenbe/GitHub_Repos/GiNN/Stim//facegen_front/h34_02.jpg,diff,3,0.33791135251522064,0.25379717350006104,0.41058847308158875
classify,mixed_imagenet_vggface,10,/home/vayzenbe/GitHub_Repos/GiNN/Stim//facegen_front/h01_15.jpg,/home/vayzenbe/GitHub_Repos/GiNN/Stim//facegen_front/h18_14.jpg,diff,3,0.33791135251522064,0.25379717350006104,0.5206307768821716
classify,mixed_imagenet_vggface,10,/home/vayzenbe/GitHub_Repos/GiNN/Stim//facegen_front/h01_15.jpg,/home/vayzenbe/GitHub_Repos/GiNN/Stim//facegen_front/h02_06.jpg,diff,3,0.33791135251522064,0.25379717350006104,0.25875821709632874
classify,mixed_imagenet_vggface,10,/home/vayzenbe/GitHub_Repos/GiNN/Stim//facegen_front/h01_15.jpg,/home/vayzenbe/GitHub_Repos/GiNN/Stim//facegen_front/h27_07.jpg,diff,3,0.33791135251522064,0.25379717350006104,0.4901811182498932
classify,mixed_imagenet_vggface,10,/home/vayzenbe/GitHub_Repos/GiNN/Stim//facegen_front/h33_17.jpg,/home/vayzenbe/GitHub_Repos/GiNN/Stim//facegen_front/h30_11.jpg,diff,3,0.4157010018825531,0.3263999968767166,0.46420493721961975
classify,mixed_imagenet_vggface,10,/home/vayzenbe/GitHub_Repos/GiNN/Stim//facegen_front/h33_17.jpg,/home/vayzenbe/GitHub_Repos/GiNN/Stim//facegen_front/h12_20.jpg,diff,3,0.4157010018825531,0.3263999968767166,0.21955211460590363
classify,mixed_imagenet_vggface,10,/home/vayzenbe/GitHub_Repos/GiNN/Stim//facegen_front/h33_17.jpg,/home/vayzenbe/GitHub_Repos/GiNN/Stim//facegen_front/h03_01.jpg,diff,3,0.4157010018825531,0.3263999968767166,0.2270338535308838
classify,mixed_imagenet_vggface,10,/home/vayzenbe/GitHub_Repos/GiNN/Stim//facegen_front/h33_17.jpg,/home/vayzenbe/GitHub_Repos/GiNN/Stim//facegen_front/h21_02.jpg,diff,3,0.4157010018825531,0.3263999968767166,0.5414478182792664
classify,mixed_imagenet_vggface,10,/home/vayzenbe/GitHub_Repos/GiNN/Stim//facegen_front/h33_17.jpg,/home/vayzenbe/GitHub_Repos/GiNN/Stim//facegen_front/h15_01.jpg,diff,3,0.4157010018825531,0.3263999968767166,0.2887657582759857
classify,mixed_imagenet_vggface,10,/home/vayzenbe/GitHub_Repos/GiNN/Stim//facegen_front/h33_17.jpg,/home/vayzenbe/GitHub_Repos/GiNN/Stim//facegen_front/h04_28.jpg,diff,3,0.4157010018825531,0.3263999968767166,0.2709856331348419
classify,mixed_imagenet_vggface,10,/home/vayzenbe/GitHub_Repos/GiNN/Stim//facegen_front/h33_17.jpg,/home/vayzenbe/GitHub_Repos/GiNN/Stim//facegen_front/h07_01.jpg,diff,3,0.4157010018825531,0.3263999968767166,0.25293055176734924
classify,mixed_imagenet_vggface,10,/home/vayzenbe/GitHub_Repos/GiNN/Stim//facegen_front/h33_17.jpg,/home/vayzenbe/GitHub_Repos/GiNN/Stim//facegen_front/h01_15.jpg,diff,3,0.4157010018825531,0.3263999968767166,0.19792932271957397
classify,mixed_imagenet_vggface,10,/home/vayzenbe/GitHub_Repos/GiNN/Stim//facegen_front/h33_17.jpg,/home/vayzenbe/GitHub_Repos/GiNN/Stim//facegen_front/h33_17.jpg,same,3,0.4157010018825531,0.3263999968767166,0.23468196392059326
classify,mixed_imagenet_vggface,10,/home/vayzenbe/GitHub_Repos/GiNN/Stim//facegen_front/h33_17.jpg,/home/vayzenbe/GitHub_Repos/GiNN/Stim//facegen_front/h10_01.jpg,diff,3,0.4157010018825531,0.3263999968767166,0.2898840308189392
classify,mixed_imagenet_vggface,10,/home/vayzenbe/GitHub_Repos/GiNN/Stim//facegen_front/h33_17.jpg,/home/vayzenbe/GitHub_Repos/GiNN/Stim//facegen_front/h31_01.jpg,diff,3,0.4157010018825531,0.3263999968767166,0.3051748275756836
classify,mixed_imagenet_vggface,10,/home/vayzenbe/GitHub_Repos/GiNN/Stim//facegen_front/h33_17.jpg,/home/vayzenbe/GitHub_Repos/GiNN/Stim//facegen_front/h14_07.jpg,diff,3,0.4157010018825531,0.3263999968767166,0.2880929112434387
classify,mixed_imagenet_vggface,10,/home/vayzenbe/GitHub_Repos/GiNN/Stim//facegen_front/h33_17.jpg,/home/vayzenbe/GitHub_Repos/GiNN/Stim//facegen_front/h16_01.jpg,diff,3,0.4157010018825531,0.3263999968767166,0.28526076674461365
classify,mixed_imagenet_vggface,10,/home/vayzenbe/GitHub_Repos/GiNN/Stim//facegen_front/h33_17.jpg,/home/vayzenbe/GitHub_Repos/GiNN/Stim//facegen_front/h34_02.jpg,diff,3,0.4157010018825531,0.3263999968767166,0.35688817501068115
classify,mixed_imagenet_vggface,10,/home/vayzenbe/GitHub_Repos/GiNN/Stim//facegen_front/h33_17.jpg,/home/vayzenbe/GitHub_Repos/GiNN/Stim//facegen_front/h18_14.jpg,diff,3,0.4157010018825531,0.3263999968767166,0.40511125326156616
classify,mixed_imagenet_vggface,10,/home/vayzenbe/GitHub_Repos/GiNN/Stim//facegen_front/h33_17.jpg,/home/vayzenbe/GitHub_Repos/GiNN/Stim//facegen_front/h02_06.jpg,diff,3,0.4157010018825531,0.3263999968767166,0.28254181146621704
classify,mixed_imagenet_vggface,10,/home/vayzenbe/GitHub_Repos/GiNN/Stim//facegen_front/h33_17.jpg,/home/vayzenbe/GitHub_Repos/GiNN/Stim//facegen_front/h27_07.jpg,diff,3,0.4157010018825531,0.3263999968767166,0.41830459237098694
classify,mixed_imagenet_vggface,10,/home/vayzenbe/GitHub_Repos/GiNN/Stim//facegen_front/h10_01.jpg,/home/vayzenbe/GitHub_Repos/GiNN/Stim//facegen_front/h30_11.jpg,diff,3,0.26952238380908966,0.18049079924821854,0.462419718503952
classify,mixed_imagenet_vggface,10,/home/vayzenbe/GitHub_Repos/GiNN/Stim//facegen_front/h10_01.jpg,/home/vayzenbe/GitHub_Repos/GiNN/Stim//facegen_front/h12_20.jpg,diff,3,0.26952238380908966,0.18049079924821854,0.34891483187675476
classify,mixed_imagenet_vggface,10,/home/vayzenbe/GitHub_Repos/GiNN/Stim//facegen_front/h10_01.jpg,/home/vayzenbe/GitHub_Repos/GiNN/Stim//facegen_front/h03_01.jpg,diff,3,0.26952238380908966,0.18049079924821854,0.3964671492576599
classify,mixed_imagenet_vggface,10,/home/vayzenbe/GitHub_Repos/GiNN/Stim//facegen_front/h10_01.jpg,/home/vayzenbe/GitHub_Repos/GiNN/Stim//facegen_front/h21_02.jpg,diff,3,0.26952238380908966,0.18049079924821854,0.4235336184501648
classify,mixed_imagenet_vggface,10,/home/vayzenbe/GitHub_Repos/GiNN/Stim//facegen_front/h10_01.jpg,/home/vayzenbe/GitHub_Repos/GiNN/Stim//facegen_front/h15_01.jpg,diff,3,0.26952238380908966,0.18049079924821854,0.34478580951690674
classify,mixed_imagenet_vggface,10,/home/vayzenbe/GitHub_Repos/GiNN/Stim//facegen_front/h10_01.jpg,/home/vayzenbe/GitHub_Repos/GiNN/Stim//facegen_front/h04_28.jpg,diff,3,0.26952238380908966,0.18049079924821854,0.3800157606601715
classify,mixed_imagenet_vggface,10,/home/vayzenbe/GitHub_Repos/GiNN/Stim//facegen_front/h10_01.jpg,/home/vayzenbe/GitHub_Repos/GiNN/Stim//facegen_front/h07_01.jpg,diff,3,0.26952238380908966,0.18049079924821854,0.427277147769928
classify,mixed_imagenet_vggface,10,/home/vayzenbe/GitHub_Repos/GiNN/Stim//facegen_front/h10_01.jpg,/home/vayzenbe/GitHub_Repos/GiNN/Stim//facegen_front/h01_15.jpg,diff,3,0.26952238380908966,0.18049079924821854,0.3866077661514282
classify,mixed_imagenet_vggface,10,/home/vayzenbe/GitHub_Repos/GiNN/Stim//facegen_front/h10_01.jpg,/home/vayzenbe/GitHub_Repos/GiNN/Stim//facegen_front/h33_17.jpg,diff,3,0.26952238380908966,0.18049079924821854,0.11432327330112457
classify,mixed_imagenet_vggface,10,/home/vayzenbe/GitHub_Repos/GiNN/Stim//facegen_front/h10_01.jpg,/home/vayzenbe/GitHub_Repos/GiNN/Stim//facegen_front/h10_01.jpg,same,3,0.26952238380908966,0.18049079924821854,0.12248735874891281
classify,mixed_imagenet_vggface,10,/home/vayzenbe/GitHub_Repos/GiNN/Stim//facegen_front/h10_01.jpg,/home/vayzenbe/GitHub_Repos/GiNN/Stim//facegen_front/h31_01.jpg,diff,3,0.26952238380908966,0.18049079924821854,0.382472425699234
classify,mixed_imagenet_vggface,10,/home/vayzenbe/GitHub_Repos/GiNN/Stim//facegen_front/h10_01.jpg,/home/vayzenbe/GitHub_Repos/GiNN/Stim//facegen_front/h14_07.jpg,diff,3,0.26952238380908966,0.18049079924821854,0.3558726906776428
classify,mixed_imagenet_vggface,10,/home/vayzenbe/GitHub_Repos/GiNN/Stim//facegen_front/h10_01.jpg,/home/vayzenbe/GitHub_Repos/GiNN/Stim//facegen_front/h16_01.jpg,diff,3,0.26952238380908966,0.18049079924821854,0.31222599744796753
classify,mixed_imagenet_vggface,10,/home/vayzenbe/GitHub_Repos/GiNN/Stim//facegen_front/h10_01.jpg,/home/vayzenbe/GitHub_Repos/GiNN/Stim//facegen_front/h34_02.jpg,diff,3,0.26952238380908966,0.18049079924821854,0.3287128210067749
classify,mixed_imagenet_vggface,10,/home/vayzenbe/GitHub_Repos/GiNN/Stim//facegen_front/h10_01.jpg,/home/vayzenbe/GitHub_Repos/GiNN/Stim//facegen_front/h18_14.jpg,diff,3,0.26952238380908966,0.18049079924821854,0.30038440227508545
classify,mixed_imagenet_vggface,10,/home/vayzenbe/GitHub_Repos/GiNN/Stim//facegen_front/h10_01.jpg,/home/vayzenbe/GitHub_Repos/GiNN/Stim//facegen_front/h02_06.jpg,diff,3,0.26952238380908966,0.18049079924821854,0.3772551715373993
classify,mixed_imagenet_vggface,10,/home/vayzenbe/GitHub_Repos/GiNN/Stim//facegen_front/h10_01.jpg,/home/vayzenbe/GitHub_Repos/GiNN/Stim//facegen_front/h27_07.jpg,diff,3,0.26952238380908966,0.18049079924821854,0.45209383964538574
classify,mixed_imagenet_vggface,10,/home/vayzenbe/GitHub_Repos/GiNN/Stim//facegen_front/h31_01.jpg,/home/vayzenbe/GitHub_Repos/GiNN/Stim//facegen_front/h30_11.jpg,diff,3,0.37937721610069275,0.31688836216926575,0.3501414358615875
classify,mixed_imagenet_vggface,10,/home/vayzenbe/GitHub_Repos/GiNN/Stim//facegen_front/h31_01.jpg,/home/vayzenbe/GitHub_Repos/GiNN/Stim//facegen_front/h12_20.jpg,diff,3,0.37937721610069275,0.31688836216926575,0.34089726209640503
classify,mixed_imagenet_vggface,10,/home/vayzenbe/GitHub_Repos/GiNN/Stim//facegen_front/h31_01.jpg,/home/vayzenbe/GitHub_Repos/GiNN/Stim//facegen_front/h03_01.jpg,diff,3,0.37937721610069275,0.31688836216926575,0.38135620951652527
classify,mixed_imagenet_vggface,10,/home/vayzenbe/GitHub_Repos/GiNN/Stim//facegen_front/h31_01.jpg,/home/vayzenbe/GitHub_Repos/GiNN/Stim//facegen_front/h21_02.jpg,diff,3,0.37937721610069275,0.31688836216926575,0.2855556011199951
classify,mixed_imagenet_vggface,10,/home/vayzenbe/GitHub_Repos/GiNN/Stim//facegen_front/h31_01.jpg,/home/vayzenbe/GitHub_Repos/GiNN/Stim//facegen_front/h15_01.jpg,diff,3,0.37937721610069275,0.31688836216926575,0.2918511629104614
classify,mixed_imagenet_vggface,10,/home/vayzenbe/GitHub_Repos/GiNN/Stim//facegen_front/h31_01.jpg,/home/vayzenbe/GitHub_Repos/GiNN/Stim//facegen_front/h04_28.jpg,diff,3,0.37937721610069275,0.31688836216926575,0.3881411552429199
classify,mixed_imagenet_vggface,10,/home/vayzenbe/GitHub_Repos/GiNN/Stim//facegen_front/h31_01.jpg,/home/vayzenbe/GitHub_Repos/GiNN/Stim//facegen_front/h07_01.jpg,diff,3,0.37937721610069275,0.31688836216926575,0.4370950758457184
classify,mixed_imagenet_vggface,10,/home/vayzenbe/GitHub_Repos/GiNN/Stim//facegen_front/h31_01.jpg,/home/vayzenbe/GitHub_Repos/GiNN/Stim//facegen_front/h01_15.jpg,diff,3,0.37937721610069275,0.31688836216926575,0.3821564316749573
classify,mixed_imagenet_vggface,10,/home/vayzenbe/GitHub_Repos/GiNN/Stim//facegen_front/h31_01.jpg,/home/vayzenbe/GitHub_Repos/GiNN/Stim//facegen_front/h33_17.jpg,diff,3,0.37937721610069275,0.31688836216926575,0.20150376856327057
classify,mixed_imagenet_vggface,10,/home/vayzenbe/GitHub_Repos/GiNN/Stim//facegen_front/h31_01.jpg,/home/vayzenbe/GitHub_Repos/GiNN/Stim//facegen_front/h10_01.jpg,diff,3,0.37937721610069275,0.31688836216926575,0.09631040692329407
classify,mixed_imagenet_vggface,10,/home/vayzenbe/GitHub_Repos/GiNN/Stim//facegen_front/h31_01.jpg,/home/vayzenbe/GitHub_Repos/GiNN/Stim//facegen_front/h31_01.jpg,same,3,0.37937721610069275,0.31688836216926575,0.23540641367435455
classify,mixed_imagenet_vggface,10,/home/vayzenbe/GitHub_Repos/GiNN/Stim//facegen_front/h31_01.jpg,/home/vayzenbe/GitHub_Repos/GiNN/Stim//facegen_front/h14_07.jpg,diff,3,0.37937721610069275,0.31688836216926575,0.2964719235897064
classify,mixed_imagenet_vggface,10,/home/vayzenbe/GitHub_Repos/GiNN/Stim//facegen_front/h31_01.jpg,/home/vayzenbe/GitHub_Repos/GiNN/Stim//facegen_front/h16_01.jpg,diff,3,0.37937721610069275,0.31688836216926575,0.2539302408695221
classify,mixed_imagenet_vggface,10,/home/vayzenbe/GitHub_Repos/GiNN/Stim//facegen_front/h31_01.jpg,/home/vayzenbe/GitHub_Repos/GiNN/Stim//facegen_front/h34_02.jpg,diff,3,0.37937721610069275,0.31688836216926575,0.3544866144657135
classify,mixed_imagenet_vggface,10,/home/vayzenbe/GitHub_Repos/GiNN/Stim//facegen_front/h31_01.jpg,/home/vayzenbe/GitHub_Repos/GiNN/Stim//facegen_front/h18_14.jpg,diff,3,0.37937721610069275,0.31688836216926575,0.2582148313522339
classify,mixed_imagenet_vggface,10,/home/vayzenbe/GitHub_Repos/GiNN/Stim//facegen_front/h31_01.jpg,/home/vayzenbe/GitHub_Repos/GiNN/Stim//facegen_front/h02_06.jpg,diff,3,0.37937721610069275,0.31688836216926575,0.31591519713401794
classify,mixed_imagenet_vggface,10,/home/vayzenbe/GitHub_Repos/GiNN/Stim//facegen_front/h31_01.jpg,/home/vayzenbe/GitHub_Repos/GiNN/Stim//facegen_front/h27_07.jpg,diff,3,0.37937721610069275,0.31688836216926575,0.36700284481048584
classify,mixed_imagenet_vggface,10,/home/vayzenbe/GitHub_Repos/GiNN/Stim//facegen_front/h14_07.jpg,/home/vayzenbe/GitHub_Repos/GiNN/Stim//facegen_front/h30_11.jpg,diff,3,0.2787552773952484,0.1995067149400711,0.22477376461029053
classify,mixed_imagenet_vggface,10,/home/vayzenbe/GitHub_Repos/GiNN/Stim//facegen_front/h14_07.jpg,/home/vayzenbe/GitHub_Repos/GiNN/Stim//facegen_front/h12_20.jpg,diff,3,0.2787552773952484,0.1995067149400711,0.28122684359550476
classify,mixed_imagenet_vggface,10,/home/vayzenbe/GitHub_Repos/GiNN/Stim//facegen_front/h14_07.jpg,/home/vayzenbe/GitHub_Repos/GiNN/Stim//facegen_front/h03_01.jpg,diff,3,0.2787552773952484,0.1995067149400711,0.29032087326049805
classify,mixed_imagenet_vggface,10,/home/vayzenbe/GitHub_Repos/GiNN/Stim//facegen_front/h14_07.jpg,/home/vayzenbe/GitHub_Repos/GiNN/Stim//facegen_front/h21_02.jpg,diff,3,0.2787552773952484,0.1995067149400711,0.22625291347503662
classify,mixed_imagenet_vggface,10,/home/vayzenbe/GitHub_Repos/GiNN/Stim//facegen_front/h14_07.jpg,/home/vayzenbe/GitHub_Repos/GiNN/Stim//facegen_front/h15_01.jpg,diff,3,0.2787552773952484,0.1995067149400711,0.1921086460351944
classify,mixed_imagenet_vggface,10,/home/vayzenbe/GitHub_Repos/GiNN/Stim//facegen_front/h14_07.jpg,/home/vayzenbe/GitHub_Repos/GiNN/Stim//facegen_front/h04_28.jpg,diff,3,0.2787552773952484,0.1995067149400711,0.35202017426490784
classify,mixed_imagenet_vggface,10,/home/vayzenbe/GitHub_Repos/GiNN/Stim//facegen_front/h14_07.jpg,/home/vayzenbe/GitHub_Repos/GiNN/Stim//facegen_front/h07_01.jpg,diff,3,0.2787552773952484,0.1995067149400711,0.4029023349285126
classify,mixed_imagenet_vggface,10,/home/vayzenbe/GitHub_Repos/GiNN/Stim//facegen_front/h14_07.jpg,/home/vayzenbe/GitHub_Repos/GiNN/Stim//facegen_front/h01_15.jpg,diff,3,0.2787552773952484,0.1995067149400711,0.2919520437717438
classify,mixed_imagenet_vggface,10,/home/vayzenbe/GitHub_Repos/GiNN/Stim//facegen_front/h14_07.jpg,/home/vayzenbe/GitHub_Repos/GiNN/Stim//facegen_front/h33_17.jpg,diff,3,0.2787552773952484,0.1995067149400711,0.3993423283100128
classify,mixed_imagenet_vggface,10,/home/vayzenbe/GitHub_Repos/GiNN/Stim//facegen_front/h14_07.jpg,/home/vayzenbe/GitHub_Repos/GiNN/Stim//facegen_front/h10_01.jpg,diff,3,0.2787552773952484,0.1995067149400711,0.2664796710014343
classify,mixed_imagenet_vggface,10,/home/vayzenbe/GitHub_Repos/GiNN/Stim//facegen_front/h14_07.jpg,/home/vayzenbe/GitHub_Repos/GiNN/Stim//facegen_front/h31_01.jpg,diff,3,0.2787552773952484,0.1995067149400711,0.10850345343351364
classify,mixed_imagenet_vggface,10,/home/vayzenbe/GitHub_Repos/GiNN/Stim//facegen_front/h14_07.jpg,/home/vayzenbe/GitHub_Repos/GiNN/Stim//facegen_front/h14_07.jpg,same,3,0.2787552773952484,0.1995067149400711,0.142252579331398
classify,mixed_imagenet_vggface,10,/home/vayzenbe/GitHub_Repos/GiNN/Stim//facegen_front/h14_07.jpg,/home/vayzenbe/GitHub_Repos/GiNN/Stim//facegen_front/h16_01.jpg,diff,3,0.2787552773952484,0.1995067149400711,0.18136093020439148
classify,mixed_imagenet_vggface,10,/home/vayzenbe/GitHub_Repos/GiNN/Stim//facegen_front/h14_07.jpg,/home/vayzenbe/GitHub_Repos/GiNN/Stim//facegen_front/h34_02.jpg,diff,3,0.2787552773952484,0.1995067149400711,0.4891500473022461
classify,mixed_imagenet_vggface,10,/home/vayzenbe/GitHub_Repos/GiNN/Stim//facegen_front/h14_07.jpg,/home/vayzenbe/GitHub_Repos/GiNN/Stim//facegen_front/h18_14.jpg,diff,3,0.2787552773952484,0.1995067149400711,0.4016304612159729
classify,mixed_imagenet_vggface,10,/home/vayzenbe/GitHub_Repos/GiNN/Stim//facegen_front/h14_07.jpg,/home/vayzenbe/GitHub_Repos/GiNN/Stim//facegen_front/h02_06.jpg,diff,3,0.2787552773952484,0.1995067149400711,0.24569107592105865
classify,mixed_imagenet_vggface,10,/home/vayzenbe/GitHub_Repos/GiNN/Stim//facegen_front/h14_07.jpg,/home/vayzenbe/GitHub_Repos/GiNN/Stim//facegen_front/h27_07.jpg,diff,3,0.2787552773952484,0.1995067149400711,0.32483625411987305
classify,mixed_imagenet_vggface,10,/home/vayzenbe/GitHub_Repos/GiNN/Stim//facegen_front/h16_01.jpg,/home/vayzenbe/GitHub_Repos/GiNN/Stim//facegen_front/h30_11.jpg,diff,3,0.17487826943397522,0.1460590586066246,0.22487328946590424
classify,mixed_imagenet_vggface,10,/home/vayzenbe/GitHub_Repos/GiNN/Stim//facegen_front/h16_01.jpg,/home/vayzenbe/GitHub_Repos/GiNN/Stim//facegen_front/h12_20.jpg,diff,3,0.17487826943397522,0.1460590586066246,0.2718856632709503
classify,mixed_imagenet_vggface,10,/home/vayzenbe/GitHub_Repos/GiNN/Stim//facegen_front/h16_01.jpg,/home/vayzenbe/GitHub_Repos/GiNN/Stim//facegen_front/h03_01.jpg,diff,3,0.17487826943397522,0.1460590586066246,0.30345869064331055
classify,mixed_imagenet_vggface,10,/home/vayzenbe/GitHub_Repos/GiNN/Stim//facegen_front/h16_01.jpg,/home/vayzenbe/GitHub_Repos/GiNN/Stim//facegen_front/h21_02.jpg,diff,3,0.17487826943397522,0.1460590586066246,0.3250526487827301
classify,mixed_imagenet_vggface,10,/home/vayzenbe/GitHub_Repos/GiNN/Stim//facegen_front/h16_01.jpg,/home/vayzenbe/GitHub_Repos/GiNN/Stim//facegen_front/h15_01.jpg,diff,3,0.17487826943397522,0.1460590586066246,0.13249310851097107
classify,mixed_imagenet_vggface,10,/home/vayzenbe/GitHub_Repos/GiNN/Stim//facegen_front/h16_01.jpg,/home/vayzenbe/GitHub_Repos/GiNN/Stim//facegen_front/h04_28.jpg,diff,3,0.17487826943397522,0.1460590586066246,0.3348153531551361
classify,mixed_imagenet_vggface,10,/home/vayzenbe/GitHub_Repos/GiNN/Stim//facegen_front/h16_01.jpg,/home/vayzenbe/GitHub_Repos/GiNN/Stim//facegen_front/h07_01.jpg,diff,3,0.17487826943397522,0.1460590586066246,0.39494091272354126
classify,mixed_imagenet_vggface,10,/home/vayzenbe/GitHub_Repos/GiNN/Stim//facegen_front/h16_01.jpg,/home/vayzenbe/GitHub_Repos/GiNN/Stim//facegen_front/h01_15.jpg,diff,3,0.17487826943397522,0.1460590586066246,0.30146709084510803
classify,mixed_imagenet_vggface,10,/home/vayzenbe/GitHub_Repos/GiNN/Stim//facegen_front/h16_01.jpg,/home/vayzenbe/GitHub_Repos/GiNN/Stim//facegen_front/h33_17.jpg,diff,3,0.17487826943397522,0.1460590586066246,0.5641013979911804
classify,mixed_imagenet_vggface,10,/home/vayzenbe/GitHub_Repos/GiNN/Stim//facegen_front/h16_01.jpg,/home/vayzenbe/GitHub_Repos/GiNN/Stim//facegen_front/h10_01.jpg,diff,3,0.17487826943397522,0.1460590586066246,0.4615645110607147
classify,mixed_imagenet_vggface,10,/home/vayzenbe/GitHub_Repos/GiNN/Stim//facegen_front/h16_01.jpg,/home/vayzenbe/GitHub_Repos/GiNN/Stim//facegen_front/h31_01.jpg,diff,3,0.17487826943397522,0.1460590586066246,0.1689978986978531
classify,mixed_imagenet_vggface,10,/home/vayzenbe/GitHub_Repos/GiNN/Stim//facegen_front/h16_01.jpg,/home/vayzenbe/GitHub_Repos/GiNN/Stim//facegen_front/h14_07.jpg,diff,3,0.17487826943397522,0.1460590586066246,0.09429843723773956
classify,mixed_imagenet_vggface,10,/home/vayzenbe/GitHub_Repos/GiNN/Stim//facegen_front/h16_01.jpg,/home/vayzenbe/GitHub_Repos/GiNN/Stim//facegen_front/h16_01.jpg,same,3,0.17487826943397522,0.1460590586066246,0.12289871275424957
classify,mixed_imagenet_vggface,10,/home/vayzenbe/GitHub_Repos/GiNN/Stim//facegen_front/h16_01.jpg,/home/vayzenbe/GitHub_Repos/GiNN/Stim//facegen_front/h34_02.jpg,diff,3,0.17487826943397522,0.1460590586066246,0.6295950412750244
classify,mixed_imagenet_vggface,10,/home/vayzenbe/GitHub_Repos/GiNN/Stim//facegen_front/h16_01.jpg,/home/vayzenbe/GitHub_Repos/GiNN/Stim//facegen_front/h18_14.jpg,diff,3,0.17487826943397522,0.1460590586066246,0.6393449306488037
classify,mixed_imagenet_vggface,10,/home/vayzenbe/GitHub_Repos/GiNN/Stim//facegen_front/h16_01.jpg,/home/vayzenbe/GitHub_Repos/GiNN/Stim//facegen_front/h02_06.jpg,diff,3,0.17487826943397522,0.1460590586066246,0.2568671703338623
classify,mixed_imagenet_vggface,10,/home/vayzenbe/GitHub_Repos/GiNN/Stim//facegen_front/h16_01.jpg,/home/vayzenbe/GitHub_Repos/GiNN/Stim//facegen_front/h27_07.jpg,diff,3,0.17487826943397522,0.1460590586066246,0.4144662916660309
classify,mixed_imagenet_vggface,10,/home/vayzenbe/GitHub_Repos/GiNN/Stim//facegen_front/h34_02.jpg,/home/vayzenbe/GitHub_Repos/GiNN/Stim//facegen_front/h30_11.jpg,diff,3,0.6027120649814606,0.41572238504886627,0.339154452085495
classify,mixed_imagenet_vggface,10,/home/vayzenbe/GitHub_Repos/GiNN/Stim//facegen_front/h34_02.jpg,/home/vayzenbe/GitHub_Repos/GiNN/Stim//facegen_front/h12_20.jpg,diff,3,0.6027120649814606,0.41572238504886627,0.18955788016319275
classify,mixed_imagenet_vggface,10,/home/vayzenbe/GitHub_Repos/GiNN/Stim//facegen_front/h34_02.jpg,/home/vayzenbe/GitHub_Repos/GiNN/Stim//facegen_front/h03_01.jpg,diff,3,0.6027120649814606,0.41572238504886627,0.25421565771102905
classify,mixed_imagenet_vggface,10,/home/vayzenbe/GitHub_Repos/GiNN/Stim//facegen_front/h34_02.jpg,/home/vayzenbe/GitHub_Repos/GiNN/Stim//facegen_front/h21_02.jpg,diff,3,0.6027120649814606,0.41572238504886627,0.4323051869869232
classify,mixed_imagenet_vggface,10,/home/vayzenbe/GitHub_Repos/GiNN/Stim//facegen_front/h34_02.jpg,/home/vayzenbe/GitHub_Repos/GiNN/Stim//facegen_front/h15_01.jpg,diff,3,0.6027120649814606,0.41572238504886627,0.13225431740283966
classify,mixed_imagenet_vggface,10,/home/vayzenbe/GitHub_Repos/GiNN/Stim//facegen_front/h34_02.jpg,/home/vayzenbe/GitHub_Repos/GiNN/Stim//facegen_front/h04_28.jpg,diff,3,0.6027120649814606,0.41572238504886627,0.23989231884479523
classify,mixed_imagenet_vggface,10,/home/vayzenbe/GitHub_Repos/GiNN/Stim//facegen_front/h34_02.jpg,/home/vayzenbe/GitHub_Repos/GiNN/Stim//facegen_front/h07_01.jpg,diff,3,0.6027120649814606,0.41572238504886627,0.19562381505966187
classify,mixed_imagenet_vggface,10,/home/vayzenbe/GitHub_Repos/GiNN/Stim//facegen_front/h34_02.jpg,/home/vayzenbe/GitHub_Repos/GiNN/Stim//facegen_front/h01_15.jpg,diff,3,0.6027120649814606,0.41572238504886627,0.24972598254680634
classify,mixed_imagenet_vggface,10,/home/vayzenbe/GitHub_Repos/GiNN/Stim//facegen_front/h34_02.jpg,/home/vayzenbe/GitHub_Repos/GiNN/Stim//facegen_front/h33_17.jpg,diff,3,0.6027120649814606,0.41572238504886627,0.3869992196559906
classify,mixed_imagenet_vggface,10,/home/vayzenbe/GitHub_Repos/GiNN/Stim//facegen_front/h34_02.jpg,/home/vayzenbe/GitHub_Repos/GiNN/Stim//facegen_front/h10_01.jpg,diff,3,0.6027120649814606,0.41572238504886627,0.3612162172794342
classify,mixed_imagenet_vggface,10,/home/vayzenbe/GitHub_Repos/GiNN/Stim//facegen_front/h34_02.jpg,/home/vayzenbe/GitHub_Repos/GiNN/Stim//facegen_front/h31_01.jpg,diff,3,0.6027120649814606,0.41572238504886627,0.24134579300880432
classify,mixed_imagenet_vggface,10,/home/vayzenbe/GitHub_Repos/GiNN/Stim//facegen_front/h34_02.jpg,/home/vayzenbe/GitHub_Repos/GiNN/Stim//facegen_front/h14_07.jpg,diff,3,0.6027120649814606,0.41572238504886627,0.16746602952480316
classify,mixed_imagenet_vggface,10,/home/vayzenbe/GitHub_Repos/GiNN/Stim//facegen_front/h34_02.jpg,/home/vayzenbe/GitHub_Repos/GiNN/Stim//facegen_front/h16_01.jpg,diff,3,0.6027120649814606,0.41572238504886627,0.12349876016378403
classify,mixed_imagenet_vggface,10,/home/vayzenbe/GitHub_Repos/GiNN/Stim//facegen_front/h34_02.jpg,/home/vayzenbe/GitHub_Repos/GiNN/Stim//facegen_front/h34_02.jpg,same,3,0.6027120649814606,0.41572238504886627,0.25379088521003723
classify,mixed_imagenet_vggface,10,/home/vayzenbe/GitHub_Repos/GiNN/Stim//facegen_front/h34_02.jpg,/home/vayzenbe/GitHub_Repos/GiNN/Stim//facegen_front/h18_14.jpg,diff,3,0.6027120649814606,0.41572238504886627,0.5135143995285034
classify,mixed_imagenet_vggface,10,/home/vayzenbe/GitHub_Repos/GiNN/Stim//facegen_front/h34_02.jpg,/home/vayzenbe/GitHub_Repos/GiNN/Stim//facegen_front/h02_06.jpg,diff,3,0.6027120649814606,0.41572238504886627,0.24198612570762634
classify,mixed_imagenet_vggface,10,/home/vayzenbe/GitHub_Repos/GiNN/Stim//facegen_front/h34_02.jpg,/home/vayzenbe/GitHub_Repos/GiNN/Stim//facegen_front/h27_07.jpg,diff,3,0.6027120649814606,0.41572238504886627,0.42475059628486633
classify,mixed_imagenet_vggface,10,/home/vayzenbe/GitHub_Repos/GiNN/Stim//facegen_front/h18_14.jpg,/home/vayzenbe/GitHub_Repos/GiNN/Stim//facegen_front/h30_11.jpg,diff,3,0.48043639957904816,0.3296467214822769,0.5818760991096497
classify,mixed_imagenet_vggface,10,/home/vayzenbe/GitHub_Repos/GiNN/Stim//facegen_front/h18_14.jpg,/home/vayzenbe/GitHub_Repos/GiNN/Stim//facegen_front/h12_20.jpg,diff,3,0.48043639957904816,0.3296467214822769,0.33128616213798523
classify,mixed_imagenet_vggface,10,/home/vayzenbe/GitHub_Repos/GiNN/Stim//facegen_front/h18_14.jpg,/home/vayzenbe/GitHub_Repos/GiNN/Stim//facegen_front/h03_01.jpg,diff,3,0.48043639957904816,0.3296467214822769,0.39477846026420593
classify,mixed_imagenet_vggface,10,/home/vayzenbe/GitHub_Repos/GiNN/Stim//facegen_front/h18_14.jpg,/home/vayzenbe/GitHub_Repos/GiNN/Stim//facegen_front/h21_02.jpg,diff,3,0.48043639957904816,0.3296467214822769,0.5811519622802734
classify,mixed_imagenet_vggface,10,/home/vayzenbe/GitHub_Repos/GiNN/Stim//facegen_front/h18_14.jpg,/home/vayzenbe/GitHub_Repos/GiNN/Stim//facegen_front/h15_01.jpg,diff,3,0.48043639957904816,0.3296467214822769,0.3955807387828827
classify,mixed_imagenet_vggface,10,/home/vayzenbe/GitHub_Repos/GiNN/Stim//facegen_front/h18_14.jpg,/home/vayzenbe/GitHub_Repos/GiNN/Stim//facegen_front/h04_28.jpg,diff,3,0.48043639957904816,0.3296467214822769,0.353405237197876
classify,mixed_imagenet_vggface,10,/home/vayzenbe/GitHub_Repos/GiNN/Stim//facegen_front/h18_14.jpg,/home/vayzenbe/GitHub_Repos/GiNN/Stim//facegen_front/h07_01.jpg,diff,3,0.48043639957904816,0.3296467214822769,0.26448318362236023
classify,mixed_imagenet_vggface,10,/home/vayzenbe/GitHub_Repos/GiNN/Stim//facegen_front/h18_14.jpg,/home/vayzenbe/GitHub_Repos/GiNN/Stim//facegen_front/h01_15.jpg,diff,3,0.48043639957904816,0.3296467214822769,0.39635831117630005
classify,mixed_imagenet_vggface,10,/home/vayzenbe/GitHub_Repos/GiNN/Stim//facegen_front/h18_14.jpg,/home/vayzenbe/GitHub_Repos/GiNN/Stim//facegen_front/h33_17.jpg,diff,3,0.48043639957904816,0.3296467214822769,0.27478089928627014
classify,mixed_imagenet_vggface,10,/home/vayzenbe/GitHub_Repos/GiNN/Stim//facegen_front/h18_14.jpg,/home/vayzenbe/GitHub_Repos/GiNN/Stim//facegen_front/h10_01.jpg,diff,3,0.48043639957904816,0.3296467214822769,0.2578551471233368
classify,mixed_imagenet_vggface,10,/home/vayzenbe/GitHub_Repos/GiNN/Stim//facegen_front/h18_14.jpg,/home/vayzenbe/GitHub_Repos/GiNN/Stim//facegen_front/h31_01.jpg,diff,3,0.48043639957904816,0.3296467214822769,0.45945999026298523
classify,mixed_imagenet_vggface,10,/home/vayzenbe/GitHub_Repos/GiNN/Stim//facegen_front/h18_14.jpg,/home/vayzenbe/GitHub_Repos/GiNN/Stim//facegen_front/h14_07.jpg,diff,3,0.48043639957904816,0.3296467214822769,0.4602573812007904
classify,mixed_imagenet_vggface,10,/home/vayzenbe/GitHub_Repos/GiNN/Stim//facegen_front/h18_14.jpg,/home/vayzenbe/GitHub_Repos/GiNN/Stim//facegen_front/h16_01.jpg,diff,3,0.48043639957904816,0.3296467214822769,0.3791033625602722
classify,mixed_imagenet_vggface,10,/home/vayzenbe/GitHub_Repos/GiNN/Stim//facegen_front/h18_14.jpg,/home/vayzenbe/GitHub_Repos/GiNN/Stim//facegen_front/h34_02.jpg,diff,3,0.48043639957904816,0.3296467214822769,0.1483345776796341
classify,mixed_imagenet_vggface,10,/home/vayzenbe/GitHub_Repos/GiNN/Stim//facegen_front/h18_14.jpg,/home/vayzenbe/GitHub_Repos/GiNN/Stim//facegen_front/h18_14.jpg,same,3,0.48043639957904816,0.3296467214822769,0.2260180115699768
classify,mixed_imagenet_vggface,10,/home/vayzenbe/GitHub_Repos/GiNN/Stim//facegen_front/h18_14.jpg,/home/vayzenbe/GitHub_Repos/GiNN/Stim//facegen_front/h02_06.jpg,diff,3,0.48043639957904816,0.3296467214822769,0.4045073390007019
classify,mixed_imagenet_vggface,10,/home/vayzenbe/GitHub_Repos/GiNN/Stim//facegen_front/h18_14.jpg,/home/vayzenbe/GitHub_Repos/GiNN/Stim//facegen_front/h27_07.jpg,diff,3,0.48043639957904816,0.3296467214822769,0.4807601571083069
classify,mixed_imagenet_vggface,10,/home/vayzenbe/GitHub_Repos/GiNN/Stim//facegen_front/h02_06.jpg,/home/vayzenbe/GitHub_Repos/GiNN/Stim//facegen_front/h30_11.jpg,diff,3,0.4158219248056412,0.39545556902885437,0.5527257323265076
classify,mixed_imagenet_vggface,10,/home/vayzenbe/GitHub_Repos/GiNN/Stim//facegen_front/h02_06.jpg,/home/vayzenbe/GitHub_Repos/GiNN/Stim//facegen_front/h12_20.jpg,diff,3,0.4158219248056412,0.39545556902885437,0.4004041254520416
classify,mixed_imagenet_vggface,10,/home/vayzenbe/GitHub_Repos/GiNN/Stim//facegen_front/h02_06.jpg,/home/vayzenbe/GitHub_Repos/GiNN/Stim//facegen_front/h03_01.jpg,diff,3,0.4158219248056412,0.39545556902885437,0.4164651334285736
classify,mixed_imagenet_vggface,10,/home/vayzenbe/GitHub_Repos/GiNN/Stim//facegen_front/h02_06.jpg,/home/vayzenbe/GitHub_Repos/GiNN/Stim//facegen_front/h21_02.jpg,diff,3,0.4158219248056412,0.39545556902885437,0.5323204398155212
classify,mixed_imagenet_vggface,10,/home/vayzenbe/GitHub_Repos/GiNN/Stim//facegen_front/h02_06.jpg,/home/vayzenbe/GitHub_Repos/GiNN/Stim//facegen_front/h15_01.jpg,diff,3,0.4158219248056412,0.39545556902885437,0.42840394377708435
classify,mixed_imagenet_vggface,10,/home/vayzenbe/GitHub_Repos/GiNN/Stim//facegen_front/h02_06.jpg,/home/vayzenbe/GitHub_Repos/GiNN/Stim//facegen_front/h04_28.jpg,diff,3,0.4158219248056412,0.39545556902885437,0.36449068784713745
classify,mixed_imagenet_vggface,10,/home/vayzenbe/GitHub_Repos/GiNN/Stim//facegen_front/h02_06.jpg,/home/vayzenbe/GitHub_Repos/GiNN/Stim//facegen_front/h07_01.jpg,diff,3,0.4158219248056412,0.39545556902885437,0.3733786642551422
classify,mixed_imagenet_vggface,10,/home/vayzenbe/GitHub_Repos/GiNN/Stim//facegen_front/h02_06.jpg,/home/vayzenbe/GitHub_Repos/GiNN/Stim//facegen_front/h01_15.jpg,diff,3,0.4158219248056412,0.39545556902885437,0.44044265151023865
classify,mixed_imagenet_vggface,10,/home/vayzenbe/GitHub_Repos/GiNN/Stim//facegen_front/h02_06.jpg,/home/vayzenbe/GitHub_Repos/GiNN/Stim//facegen_front/h33_17.jpg,diff,3,0.4158219248056412,0.39545556902885437,0.2589823305606842
classify,mixed_imagenet_vggface,10,/home/vayzenbe/GitHub_Repos/GiNN/Stim//facegen_front/h02_06.jpg,/home/vayzenbe/GitHub_Repos/GiNN/Stim//facegen_front/h10_01.jpg,diff,3,0.4158219248056412,0.39545556902885437,0.18706534802913666
classify,mixed_imagenet_vggface,10,/home/vayzenbe/GitHub_Repos/GiNN/Stim//facegen_front/h02_06.jpg,/home/vayzenbe/GitHub_Repos/GiNN/Stim//facegen_front/h31_01.jpg,diff,3,0.4158219248056412,0.39545556902885437,0.46937787532806396
classify,mixed_imagenet_vggface,10,/home/vayzenbe/GitHub_Repos/GiNN/Stim//facegen_front/h02_06.jpg,/home/vayzenbe/GitHub_Repos/GiNN/Stim//facegen_front/h14_07.jpg,diff,3,0.4158219248056412,0.39545556902885437,0.506269097328186
classify,mixed_imagenet_vggface,10,/home/vayzenbe/GitHub_Repos/GiNN/Stim//facegen_front/h02_06.jpg,/home/vayzenbe/GitHub_Repos/GiNN/Stim//facegen_front/h16_01.jpg,diff,3,0.4158219248056412,0.39545556902885437,0.4069015681743622
classify,mixed_imagenet_vggface,10,/home/vayzenbe/GitHub_Repos/GiNN/Stim//facegen_front/h02_06.jpg,/home/vayzenbe/GitHub_Repos/GiNN/Stim//facegen_front/h34_02.jpg,diff,3,0.4158219248056412,0.39545556902885437,0.302131325006485
classify,mixed_imagenet_vggface,10,/home/vayzenbe/GitHub_Repos/GiNN/Stim//facegen_front/h02_06.jpg,/home/vayzenbe/GitHub_Repos/GiNN/Stim//facegen_front/h18_14.jpg,diff,3,0.4158219248056412,0.39545556902885437,0.13222560286521912
classify,mixed_imagenet_vggface,10,/home/vayzenbe/GitHub_Repos/GiNN/Stim//facegen_front/h02_06.jpg,/home/vayzenbe/GitHub_Repos/GiNN/Stim//facegen_front/h02_06.jpg,same,3,0.4158219248056412,0.39545556902885437,0.3242533802986145
classify,mixed_imagenet_vggface,10,/home/vayzenbe/GitHub_Repos/GiNN/Stim//facegen_front/h02_06.jpg,/home/vayzenbe/GitHub_Repos/GiNN/Stim//facegen_front/h27_07.jpg,diff,3,0.4158219248056412,0.39545556902885437,0.4249652624130249
classify,mixed_imagenet_vggface,10,/home/vayzenbe/GitHub_Repos/GiNN/Stim//facegen_front/h27_07.jpg,/home/vayzenbe/GitHub_Repos/GiNN/Stim//facegen_front/h30_11.jpg,diff,3,0.39896245300769806,0.2742787376046181,0.3772682547569275
classify,mixed_imagenet_vggface,10,/home/vayzenbe/GitHub_Repos/GiNN/Stim//facegen_front/h27_07.jpg,/home/vayzenbe/GitHub_Repos/GiNN/Stim//facegen_front/h12_20.jpg,diff,3,0.39896245300769806,0.2742787376046181,0.4261076748371124
classify,mixed_imagenet_vggface,10,/home/vayzenbe/GitHub_Repos/GiNN/Stim//facegen_front/h27_07.jpg,/home/vayzenbe/GitHub_Repos/GiNN/Stim//facegen_front/h03_01.jpg,diff,3,0.39896245300769806,0.2742787376046181,0.4010101556777954
classify,mixed_imagenet_vggface,10,/home/vayzenbe/GitHub_Repos/GiNN/Stim//facegen_front/h27_07.jpg,/home/vayzenbe/GitHub_Repos/GiNN/Stim//facegen_front/h21_02.jpg,diff,3,0.39896245300769806,0.2742787376046181,0.40941300988197327
classify,mixed_imagenet_vggface,10,/home/vayzenbe/GitHub_Repos/GiNN/Stim//facegen_front/h27_07.jpg,/home/vayzenbe/GitHub_Repos/GiNN/Stim//facegen_front/h15_01.jpg,diff,3,0.39896245300769806,0.2742787376046181,0.36661091446876526
classify,mixed_imagenet_vggface,10,/home/vayzenbe/GitHub_Repos/GiNN/Stim//facegen_front/h27_07.jpg,/home/vayzenbe/GitHub_Repos/GiNN/Stim//facegen_front/h04_28.jpg,diff,3,0.39896245300769806,0.2742787376046181,0.3962257504463196
classify,mixed_imagenet_vggface,10,/home/vayzenbe/GitHub_Repos/GiNN/Stim//facegen_front/h27_07.jpg,/home/vayzenbe/GitHub_Repos/GiNN/Stim//facegen_front/h07_01.jpg,diff,3,0.39896245300769806,0.2742787376046181,0.49309220910072327
classify,mixed_imagenet_vggface,10,/home/vayzenbe/GitHub_Repos/GiNN/Stim//facegen_front/h27_07.jpg,/home/vayzenbe/GitHub_Repos/GiNN/Stim//facegen_front/h01_15.jpg,diff,3,0.39896245300769806,0.2742787376046181,0.4148690402507782
classify,mixed_imagenet_vggface,10,/home/vayzenbe/GitHub_Repos/GiNN/Stim//facegen_front/h27_07.jpg,/home/vayzenbe/GitHub_Repos/GiNN/Stim//facegen_front/h33_17.jpg,diff,3,0.39896245300769806,0.2742787376046181,0.3847643733024597
classify,mixed_imagenet_vggface,10,/home/vayzenbe/GitHub_Repos/GiNN/Stim//facegen_front/h27_07.jpg,/home/vayzenbe/GitHub_Repos/GiNN/Stim//facegen_front/h10_01.jpg,diff,3,0.39896245300769806,0.2742787376046181,0.24981598556041718
classify,mixed_imagenet_vggface,10,/home/vayzenbe/GitHub_Repos/GiNN/Stim//facegen_front/h27_07.jpg,/home/vayzenbe/GitHub_Repos/GiNN/Stim//facegen_front/h31_01.jpg,diff,3,0.39896245300769806,0.2742787376046181,0.35178929567337036
classify,mixed_imagenet_vggface,10,/home/vayzenbe/GitHub_Repos/GiNN/Stim//facegen_front/h27_07.jpg,/home/vayzenbe/GitHub_Repos/GiNN/Stim//facegen_front/h14_07.jpg,diff,3,0.39896245300769806,0.2742787376046181,0.4142245352268219
classify,mixed_imagenet_vggface,10,/home/vayzenbe/GitHub_Repos/GiNN/Stim//facegen_front/h27_07.jpg,/home/vayzenbe/GitHub_Repos/GiNN/Stim//facegen_front/h16_01.jpg,diff,3,0.39896245300769806,0.2742787376046181,0.3444417715072632
classify,mixed_imagenet_vggface,10,/home/vayzenbe/GitHub_Repos/GiNN/Stim//facegen_front/h27_07.jpg,/home/vayzenbe/GitHub_Repos/GiNN/Stim//facegen_front/h34_02.jpg,diff,3,0.39896245300769806,0.2742787376046181,0.532697856426239
classify,mixed_imagenet_vggface,10,/home/vayzenbe/GitHub_Repos/GiNN/Stim//facegen_front/h27_07.jpg,/home/vayzenbe/GitHub_Repos/GiNN/Stim//facegen_front/h18_14.jpg,diff,3,0.39896245300769806,0.2742787376046181,0.2806248962879181
classify,mixed_imagenet_vggface,10,/home/vayzenbe/GitHub_Repos/GiNN/Stim//facegen_front/h27_07.jpg,/home/vayzenbe/GitHub_Repos/GiNN/Stim//facegen_front/h02_06.jpg,diff,3,0.39896245300769806,0.2742787376046181,0.22903940081596375
classify,mixed_imagenet_vggface,10,/home/vayzenbe/GitHub_Repos/GiNN/Stim//facegen_front/h27_07.jpg,/home/vayzenbe/GitHub_Repos/GiNN/Stim//facegen_front/h27_07.jpg,same,3,0.39896245300769806,0.2742787376046181,0.18108928203582764
